
INSERT INTO "PUBLIC"."GEEK"
( "ID", "NICKNAME", "SEXE", "SCORE" )
VALUES ( 0, 'Unbyw','male', 0);
INSERT INTO "PUBLIC"."GEEK"
( "ID", "NICKNAME", "SEXE", "SCORE" )
VALUES ( 1, 'JEssym','male', 0);
INSERT INTO "PUBLIC"."GEEK"
( "ID", "NICKNAME", "SEXE", "SCORE" )
VALUES ( 2, 'Gab','male', 0);
INSERT INTO "PUBLIC"."GEEK"
( "ID", "NICKNAME", "SEXE", "SCORE" )
VALUES ( 3, 'Polak','male', 0);
INSERT INTO "PUBLIC"."GEEK"
( "ID", "NICKNAME", "SEXE", "SCORE" )
VALUES ( 4, 'trix','female', 0);
INSERT INTO "PUBLIC"."GEEK"
( "ID", "NICKNAME", "SEXE", "SCORE" )
VALUES ( 5, 'Galadrielle','female', 0);
INSERT INTO "PUBLIC"."GEEK"
( "ID", "NICKNAME", "SEXE", "SCORE" )
VALUES ( 6, 'Mini-Julie','female', 0);
INSERT INTO "PUBLIC"."GEEK"
( "ID", "NICKNAME", "SEXE", "SCORE" )
VALUES ( 7, 'Guesswho','shemale', 0);
INSERT INTO "PUBLIC"."GEEK"
( "ID", "NICKNAME", "SEXE", "SCORE" )
VALUES ( 8, 'Guesswhy','shemale', 0);
INSERT INTO "PUBLIC"."INTEREST"
( "ID", "LABEL" )
VALUES ( 0, 'Sql/PLSql/Sql+');
INSERT INTO "PUBLIC"."INTEREST"
( "ID", "LABEL" )
VALUES ( 1, 'Java');
INSERT INTO "PUBLIC"."INTEREST"
( "ID", "LABEL" )
VALUES ( 2, 'PHP');
INSERT INTO "PUBLIC"."INTEREST"
( "ID", "LABEL" )
VALUES ( 3, 'C#.Net');
INSERT INTO "PUBLIC"."INTEREST"
( "ID", "LABEL" )
VALUES ( 4, 'Vb.Net');
INSERT INTO "PUBLIC"."GEEKS_INTERESTS"
( "IDGEEK", "IDINTEREST" )
VALUES ( 0, 0);
INSERT INTO "PUBLIC"."GEEKS_INTERESTS"
( "IDGEEK", "IDINTEREST" )
VALUES ( 0, 1);
INSERT INTO "PUBLIC"."GEEKS_INTERESTS"
( "IDGEEK", "IDINTEREST" )
VALUES ( 1, 1);
INSERT INTO "PUBLIC"."GEEKS_INTERESTS"
( "IDGEEK", "IDINTEREST" )
VALUES ( 1, 2);
INSERT INTO "PUBLIC"."GEEKS_INTERESTS"
( "IDGEEK", "IDINTEREST" )
VALUES ( 2, 2);
INSERT INTO "PUBLIC"."GEEKS_INTERESTS"
( "IDGEEK", "IDINTEREST" )
VALUES ( 3, 3);
INSERT INTO "PUBLIC"."GEEKS_INTERESTS"
( "IDGEEK", "IDINTEREST" )
VALUES ( 4, 0);
INSERT INTO "PUBLIC"."GEEKS_INTERESTS"
( "IDGEEK", "IDINTEREST" )
VALUES ( 5, 1);
INSERT INTO "PUBLIC"."GEEKS_INTERESTS"
( "IDGEEK", "IDINTEREST" )
VALUES ( 5, 3);
INSERT INTO "PUBLIC"."GEEKS_INTERESTS"
( "IDGEEK", "IDINTEREST" )
VALUES ( 5, 4);
INSERT INTO "PUBLIC"."GEEKS_INTERESTS"
( "IDGEEK", "IDINTEREST" )
VALUES ( 6, 2);
INSERT INTO "PUBLIC"."GEEKS_INTERESTS"
( "IDGEEK", "IDINTEREST" )
VALUES ( 7, 4);
INSERT INTO "PUBLIC"."GEEKS_INTERESTS"
( "IDGEEK", "IDINTEREST" )
VALUES ( 8, 0);
